Mar 12 17:07,68
Mar 12 17:08,120
Mar 12 17:19,3
Mar 12 17:22,2
Mar 12 17:55,25
Mar 12 21:26,1
Mar 12 22:01,4
Mar 12 23:01,2
Mar 12 23:05,2
Mar 13 08:48,1
Mar 13 09:01,4
Mar 13 09:18,2
Mar 13 09:44,1
Mar 13 10:01,6
Mar 13 11:01,6
Mar 13 12:01,6
Mar 13 13:01,6
Mar 13 14:20,1
Mar 13 15:01,6
Mar 13 16:01,6
Mar 13 17:01,6
Mar 13 17:04,25
Mar 13 17:54,1
Mar 13 17:55,24
Mar 13 21:00,1
Mar 13 21:01,6
Mar 13 22:01,6
Mar 13 23:01,6
Mar 14 09:37,1
Mar 14 10:01,4
Mar 14 10:48,2
Mar 14 11:01,6
Mar 14 12:01,6
Mar 14 12:58,1
Mar 14 13:01,6
Mar 14 13:34,6
Mar 14 13:35,3
Mar 14 13:36,1
Mar 14 13:41,3
Mar 14 13:44,116
Mar 14 13:45,84
Mar 14 13:46,75
Mar 14 13:55,4
Mar 14 13:57,60
Mar 14 13:58,4
Mar 14 13:59,1
Mar 14 14:00,1
Mar 14 14:01,6
Mar 14 15:01,6
Mar 14 16:01,6
Mar 14 17:01,6
Mar 14 18:01,6
Mar 14 18:06,27
Mar 14 21:42,1
Mar 14 22:01,6
Mar 14 23:01,6
Mar 15 00:01,6
Mar 15 00:43,2
Mar 15 01:01,6
Mar 15 02:01,6
Mar 15 09:34,1
Mar 15 10:01,4
Mar 15 10:25,2
Mar 15 11:01,6
Mar 15 12:01,6
Mar 15 12:57,3
Mar 15 13:00,18
Mar 15 13:01,6
Mar 15 15:05,1
Mar 15 16:01,6
Mar 15 17:01,6
Mar 15 17:23,25
Mar 15 21:36,1
Mar 15 22:01,6
Mar 15 22:28,4
Mar 15 23:01,6
Mar 15 23:43,1
Mar 15 23:45,3
Mar 16 09:35,1
Mar 16 10:01,4
Mar 16 10:32,2
Mar 16 11:01,6
Mar 16 12:01,6
Mar 16 12:22,5
Mar 16 12:35,3
Mar 16 13:01,6
Mar 16 14:01,6
Mar 16 14:36,8
Mar 16 14:37,5
Mar 16 14:39,8
Mar 16 15:01,6
Mar 16 15:05,8
